Date,Round,Home Team,Away Team,Home Goals,Away Goals,Venue
"2025-09-16","League Phase - MD1","Athletic Club","Arsenal","0","2",""
"2025-09-16","League Phase - MD1","PSV","Union Saint-Gilloise","1","3",""
"2025-09-16","League Phase - MD1","Juventus","Borussia Dortmund","4","4",""
"2025-09-16","League Phase - MD1","Benfica","Qarabağ","2","3",""
"2025-09-16","League Phase - MD1","Tottenham Hotspur","Villarreal","1","0",""
"2025-09-16","League Phase - MD1","Real Madrid","Marseille","2","1",""
"2025-09-17","League Phase - MD1","Slavia Praha","Bodø/Glimt","2","2",""
"2025-09-17","League Phase - MD1","Olympiacos","Pafos","0","0",""
"2025-09-17","League Phase - MD1","Ajax","Inter Milan","0","2",""
"2025-09-17","League Phase - MD1","Liverpool","Atletico Madrid","3","2",""
"2025-09-17","League Phase - MD1","Paris Saint-Germain","Atalanta","4","0",""
"2025-09-17","League Phase - MD1","Bayern Munich","Chelsea","3","1",""
"2025-09-18","League Phase - MD1","Copenhagen","Bayer Leverkusen","2","2",""
"2025-09-18","League Phase - MD1","Club Brugge","Monaco","4","1",""
"2025-09-18","League Phase - MD1","Newcastle United","Barcelona","1","2",""
"2025-09-18","League Phase - MD1","Manchester City","Napoli","2","0",""
"2025-09-18","League Phase - MD1","Eintracht Frankfurt","Galatasaray","5","1",""
"2025-09-18","League Phase - MD1","Sporting CP","Kairat Almaty","4","1",""
"2025-09-30","League Phase - MD2","Atalanta","Club Brugge","2","1",""
"2025-09-30","League Phase - MD2","Kairat Almaty","Real Madrid","0","5",""
"2025-09-30","League Phase - MD2","Galatasaray","Liverpool","1","0",""
"2025-09-30","League Phase - MD2","Atletico Madrid","Eintracht Frankfurt","5","1",""
"2025-09-30","League Phase - MD2","Marseille","Ajax","4","0",""
"2025-09-30","League Phase - MD2","Bodø/Glimt","Tottenham Hotspur","2","2",""
"2025-09-30","League Phase - MD2","Pafos","Bayern Munich","1","5",""
"2025-09-30","League Phase - MD2","Chelsea","Benfica","1","0",""
"2025-09-30","League Phase - MD2","Inter Milan","Slavia Praha","3","0",""
"2025-10-01","League Phase - MD2","Qarabağ","Copenhagen","2","0",""
"2025-10-01","League Phase - MD2","Union Saint-Gilloise","Newcastle United","0","4",""
"2025-10-01","League Phase - MD2","Borussia Dortmund","Athletic Club","4","1",""
"2025-10-01","League Phase - MD2","Barcelona","Paris Saint-Germain","1","2",""
"2025-10-01","League Phase - MD2","Monaco","Manchester City","2","2",""
"2025-10-01","League Phase - MD2","Bayer Leverkusen","PSV","1","1",""
"2025-10-01","League Phase - MD2","Arsenal","Olympiacos","2","0",""
"2025-10-01","League Phase - MD2","Villarreal","Juventus","2","2",""
"2025-10-01","League Phase - MD2","Napoli","Sporting CP","2","1",""
"2025-10-21","League Phase - MD3","Barcelona","Olympiacos","6","1",""
"2025-10-21","League Phase - MD3","Kairat Almaty","Pafos","0","0",""
"2025-10-21","League Phase - MD3","Union Saint-Gilloise","Inter Milan","0","4",""
"2025-10-21","League Phase - MD3","Copenhagen","Borussia Dortmund","2","4",""
"2025-10-21","League Phase - MD3","Bayer Leverkusen","Paris Saint-Germain","2","7",""
"2025-10-21","League Phase - MD3","Villarreal","Manchester City","0","2",""
"2025-10-21","League Phase - MD3","Arsenal","Atletico Madrid","4","0",""
"2025-10-21","League Phase - MD3","Newcastle United","Benfica","3","0",""
"2025-10-21","League Phase - MD3","PSV","Napoli","6","2",""
"2025-10-22","League Phase - MD3","Galatasaray","Bodø/Glimt","3","1",""
"2025-10-22","League Phase - MD3","Athletic Club","Qarabağ","3","1",""
"2025-10-22","League Phase - MD3","Eintracht Frankfurt","Liverpool","1","5",""
"2025-10-22","League Phase - MD3","Atalanta","Slavia Praha","0","0",""
"2025-10-22","League Phase - MD3","Sporting CP","Marseille","2","1",""
"2025-10-22","League Phase - MD3","Monaco","Tottenham Hotspur","0","0",""
"2025-10-22","League Phase - MD3","Bayern Munich","Club Brugge","4","0",""
"2025-10-22","League Phase - MD3","Chelsea","Ajax","5","1",""
"2025-10-22","League Phase - MD3","Real Madrid","Juventus","1","0",""
"2025-11-04","League Phase - MD4","Slavia Praha","Arsenal","0","3",""
"2025-11-04","League Phase - MD4","Napoli","Eintracht Frankfurt","0","0",""
"2025-11-04","League Phase - MD4","Juventus","Sporting CP","1","1",""
"2025-11-04","League Phase - MD4","Atletico Madrid","Union Saint-Gilloise","3","1",""
"2025-11-04","League Phase - MD4","Tottenham Hotspur","Copenhagen","4","0",""
"2025-11-04","League Phase - MD4","Bodø/Glimt","Monaco","0","1",""
"2025-11-04","League Phase - MD4","Olympiacos","PSV","1","1",""
"2025-11-04","League Phase - MD4","Paris Saint-Germain","Bayern Munich","1","2",""
"2025-11-04","League Phase - MD4","Liverpool","Real Madrid","1","0",""
"2025-11-05","League Phase - MD4","Pafos","Villarreal","1","0",""
"2025-11-05","League Phase - MD4","Qarabağ","Chelsea","2","2",""
"2025-11-05","League Phase - MD4","Inter Milan","Kairat Almaty","2","1",""
"2025-11-05","League Phase - MD4","Manchester City","Borussia Dortmund","4","1",""
"2025-11-05","League Phase - MD4","Club Brugge","Barcelona","3","3",""
"2025-11-05","League Phase - MD4","Benfica","Bayer Leverkusen","0","1",""
"2025-11-05","League Phase - MD4","Marseille","Atalanta","0","1",""
"2025-11-05","League Phase - MD4","Ajax","Galatasaray","0","3",""
"2025-11-05","League Phase - MD4","Newcastle United","Athletic Club","2","0",""
"2025-11-25","League Phase - MD5","Ajax","Benfica","0","2",""
"2025-11-25","League Phase - MD5","Galatasaray","Union Saint-Gilloise","0","1",""
"2025-11-25","League Phase - MD5","Borussia Dortmund","Villarreal","4","0",""
"2025-11-25","League Phase - MD5","Manchester City","Bayer Leverkusen","0","2",""
"2025-11-25","League Phase - MD5","Bodø/Glimt","Juventus","2","3",""
"2025-11-25","League Phase - MD5","Marseille","Newcastle United","2","1",""
"2025-11-25","League Phase - MD5","Slavia Praha","Athletic Club","0","0",""
"2025-11-25","League Phase - MD5","Napoli","Qarabağ","2","0",""
"2025-11-25","League Phase - MD5","Chelsea","Barcelona","3","0",""
"2025-11-26","League Phase - MD5","Pafos","Monaco","2","2",""
"2025-11-26","League Phase - MD5","Copenhagen","Kairat Almaty","3","2",""
"2025-11-26","League Phase - MD5","Liverpool","PSV","1","4",""
"2025-11-26","League Phase - MD5","Paris Saint-Germain","Tottenham Hotspur","5","3",""
"2025-11-26","League Phase - MD5","Eintracht Frankfurt","Atalanta","0","3",""
"2025-11-26","League Phase - MD5","Sporting CP","Club Brugge","3","0",""
"2025-11-26","League Phase - MD5","Arsenal","Bayern Munich","3","1",""
"2025-11-26","League Phase - MD5","Olympiacos","Real Madrid","3","4",""
"2025-11-26","League Phase - MD5","Atletico Madrid","Inter Milan","2","1",""
"2025-12-09","League Phase - MD6","Kairat Almaty","Olympiacos","0","1",""
"2025-12-09","League Phase - MD6","Bayern Munich","Sporting CP","3","1",""
"2025-12-09","League Phase - MD6","Barcelona","Eintracht Frankfurt","2","1",""
"2025-12-09","League Phase - MD6","PSV","Atletico Madrid","2","3",""
"2025-12-09","League Phase - MD6","Union Saint-Gilloise","Marseille","2","3",""
"2025-12-09","League Phase - MD6","Tottenham Hotspur","Slavia Praha","3","0",""
"2025-12-09","League Phase - MD6","Monaco","Galatasaray","1","0",""
"2025-12-09","League Phase - MD6","Atalanta","Chelsea","2","1",""
"2025-12-09","League Phase - MD6","Inter Milan","Liverpool","0","1",""
"2025-12-10","League Phase - MD6","Villarreal","Copenhagen","2","3",""
"2025-12-10","League Phase - MD6","Qarabağ","Ajax","2","4",""
"2025-12-10","League Phase - MD6","Borussia Dortmund","Bodø/Glimt","2","2",""
"2025-12-10","League Phase - MD6","Athletic Club","Paris Saint-Germain","0","0",""
"2025-12-10","League Phase - MD6","Bayer Leverkusen","Newcastle United","2","2",""
"2025-12-10","League Phase - MD6","Club Brugge","Arsenal","0","3",""
"2025-12-10","League Phase - MD6","Benfica","Napoli","2","0",""
"2025-12-10","League Phase - MD6","Juventus","Pafos","2","0",""
"2025-12-10","League Phase - MD6","Real Madrid","Manchester City","1","2",""
"2026-01-20","League Phase - MD7","Kairat Almaty","Club Brugge","1","4",""
"2026-01-20","League Phase - MD7","Bodø/Glimt","Manchester City","3","1",""
"2026-01-20","League Phase - MD7","Tottenham Hotspur","Borussia Dortmund","2","0",""
"2026-01-20","League Phase - MD7","Sporting CP","Paris Saint-Germain","2","1",""
"2026-01-20","League Phase - MD7","Olympiacos","Bayer Leverkusen","2","0",""
"2026-01-20","League Phase - MD7","Villarreal","Ajax","1","2",""
"2026-01-20","League Phase - MD7","Copenhagen","Napoli","1","1",""
"2026-01-20","League Phase - MD7","Real Madrid","Monaco","6","1",""
"2026-01-20","League Phase - MD7","Inter Milan","Arsenal","1","3",""
"2026-01-21","League Phase - MD7","Qarabağ","Eintracht Frankfurt","3","2",""
"2026-01-21","League Phase - MD7","Galatasaray","Atletico Madrid","1","1",""
"2026-01-21","League Phase - MD7","Marseille","Liverpool","0","3",""
"2026-01-21","League Phase - MD7","Slavia Praha","Barcelona","2","4",""
"2026-01-21","League Phase - MD7","Atalanta","Athletic Club","2","3",""
"2026-01-21","League Phase - MD7","Juventus","Benfica","2","0",""
"2026-01-21","League Phase - MD7","Newcastle United","PSV","3","0",""
"2026-01-21","League Phase - MD7","Bayern Munich","Union Saint-Gilloise","2","0",""
"2026-01-21","League Phase - MD7","Chelsea","Pafos","1","0",""
"2026-01-28","League Phase - MD8","Liverpool","Qarabağ","6","0",""
"2026-01-28","League Phase - MD8","Barcelona","Copenhagen","4","1",""
"2026-01-28","League Phase - MD8","Manchester City","Galatasaray","2","0",""
"2026-01-28","League Phase - MD8","Bayer Leverkusen","Villarreal","3","0",""
"2026-01-28","League Phase - MD8","Arsenal","Kairat Almaty","3","2",""
"2026-01-28","League Phase - MD8","Union Saint-Gilloise","Atalanta","1","0",""
"2026-01-28","League Phase - MD8","Club Brugge","Marseille","3","0",""
"2026-01-28","League Phase - MD8","Eintracht Frankfurt","Tottenham Hotspur","0","2",""
"2026-01-28","League Phase - MD8","Monaco","Juventus","0","0",""
"2026-01-28","League Phase - MD8","Atletico Madrid","Bodø/Glimt","1","2",""
"2026-01-28","League Phase - MD8","Athletic Club","Sporting CP","2","3",""
"2026-01-28","League Phase - MD8","Ajax","Olympiacos","1","2",""
"2026-01-28","League Phase - MD8","Paris Saint-Germain","Newcastle United","1","1",""
"2026-01-28","League Phase - MD8","Pafos","Slavia Praha","4","1",""
"2026-01-28","League Phase - MD8","PSV","Bayern Munich","1","2",""
"2026-01-28","League Phase - MD8","Napoli","Chelsea","2","3",""
"2026-01-28","League Phase - MD8","Benfica","Real Madrid","4","2",""
"2026-01-28","League Phase - MD8","Borussia Dortmund","Inter Milan","0","2",""
"2026-02-17","Knockout Playoffs - 1st Leg","Galatasaray","Juventus","5","2",""
"2026-02-17","Knockout Playoffs - 1st Leg","Benfica","Real Madrid","0","1",""
"2026-02-17","Knockout Playoffs - 1st Leg","Monaco","Paris Saint-Germain","2","3",""
"2026-02-17","Knockout Playoffs - 1st Leg","Borussia Dortmund","Atalanta","2","0",""
"2026-02-18","Knockout Playoffs - 1st Leg","Qarabağ","Newcastle United","1","6",""
"2026-02-18","Knockout Playoffs - 1st Leg","Club Brugge","Atletico Madrid","3","3",""
"2026-02-18","Knockout Playoffs - 1st Leg","Olympiacos","Bayer Leverkusen","0","2",""
"2026-02-18","Knockout Playoffs - 1st Leg","Bodø/Glimt","Inter Milan","3","1",""
"2026-02-24","Knockout Playoffs - 2nd Leg","Atletico Madrid","Club Brugge","4","1",""
"2026-02-24","Knockout Playoffs - 2nd Leg","Newcastle United","Qarabağ","3","2",""
"2026-02-24","Knockout Playoffs - 2nd Leg","Bayer Leverkusen","Olympiacos","0","0",""
"2026-02-24","Knockout Playoffs - 2nd Leg","Inter Milan","Bodø/Glimt","1","2",""
"2026-02-25","Knockout Playoffs - 2nd Leg","Atalanta","Borussia Dortmund","4","1",""
"2026-02-25","Knockout Playoffs - 2nd Leg","Real Madrid","Benfica","2","1",""
"2026-02-25","Knockout Playoffs - 2nd Leg","Paris Saint-Germain","Monaco","2","2",""
"2026-02-25","Knockout Playoffs - 2nd Leg","Juventus","Galatasaray","3","2",""
"2026-03-10","Round of 16 - 1st Leg","Galatasaray","Liverpool","1","0",""
"2026-03-10","Round of 16 - 1st Leg","Atalanta","Bayern Munich","1","6",""
"2026-03-10","Round of 16 - 1st Leg","Newcastle United","Barcelona","1","1",""
"2026-03-10","Round of 16 - 1st Leg","Atletico Madrid","Tottenham Hotspur","5","2",""
"2026-03-11","Round of 16 - 1st Leg","Bayer Leverkusen","Arsenal","1","1",""
"2026-03-11","Round of 16 - 1st Leg","Paris Saint-Germain","Chelsea","5","2",""
"2026-03-11","Round of 16 - 1st Leg","Real Madrid","Manchester City","3","0",""
"2026-03-11","Round of 16 - 1st Leg","Bodø/Glimt","Sporting CP","3","0",""
"2026-03-17","Round of 16 - 2nd Leg","Sporting CP","Bodø/Glimt","5","0",""
"2026-03-17","Round of 16 - 2nd Leg","Chelsea","Paris Saint-Germain","0","3",""
"2026-03-17","Round of 16 - 2nd Leg","Manchester City","Real Madrid","1","2",""
"2026-03-17","Round of 16 - 2nd Leg","Arsenal","Bayer Leverkusen","2","0",""
"2026-03-18","Round of 16 - 2nd Leg","Barcelona","Newcastle United","7","2",""
"2026-03-18","Round of 16 - 2nd Leg","Liverpool","Galatasaray","4","0",""
"2026-03-18","Round of 16 - 2nd Leg","Bayern Munich","Atalanta","4","1",""
"2026-03-18","Round of 16 - 2nd Leg","Tottenham Hotspur","Atletico Madrid","3","2",""
"2026-04-07","Quarter-finals - 1st Leg","Real Madrid","Bayern Munich","1","2",""
"2026-04-07","Quarter-finals - 1st Leg","Sporting CP","Arsenal","0","1",""
"2026-04-08","Quarter-finals - 1st Leg","Paris Saint-Germain","Liverpool","2","0",""
"2026-04-08","Quarter-finals - 1st Leg","Barcelona","Atletico Madrid","0","2",""
"2026-04-14","Quarter-finals - 2nd Leg","Liverpool","Paris Saint-Germain","0","2",""
"2026-04-14","Quarter-finals - 2nd Leg","Atletico Madrid","Barcelona","1","2",""
"2026-04-15","Quarter-finals - 2nd Leg","Bayern Munich","Real Madrid","4","3",""
"2026-04-15","Quarter-finals - 2nd Leg","Arsenal","Sporting CP","0","0",""
"2026-04-28","Semi-finals - 1st Leg","Paris Saint-Germain","Bayern Munich","5","4",""
"2026-04-29","Semi-finals - 1st Leg","Atletico Madrid","Arsenal","1","1",""
"2026-05-05","Semi-finals - 2nd Leg","Arsenal","Atletico Madrid","1","0",""
"2026-05-06","Semi-finals - 2nd Leg","Bayern Munich","Paris Saint-Germain","1","1",""
"2026-05-30","Final","Paris Saint-Germain","Arsenal","1","1",""